SYMBOL,DATE,SERIES,OPEN,HIGH,LOW,CLOSE,LAST,PREVCLOSE,TOTTRDQTY,TOTTRDVAL,TOTALTRADES,ISIN
360ONE,2026-03-06,EQ,1074.0,1084.4,1061.3,1064.2,1064.8,1081.0,276113,295612751.6,16415,INE466L01038
AARTIIND,2026-03-06,EQ,419.5,423.75,412.0,419.35,420.0,421.85,661199,275661105.3,27042,INE769A01020
ABB,2026-03-06,EQ,5900.0,6118.0,5869.0,6062.0,6058.0,5929.0,377080,2280534911.0,31641,INE117A01022
ABBOTINDIA,2026-03-06,EQ,27615.0,27630.0,27160.0,27325.0,27300.0,27615.0,6061,166053800.0,3447,INE358A01014
ABCAPITAL,2026-03-06,EQ,326.95,332.1,325.45,326.55,326.1,327.6,5030480,1655291082.45,52273,INE674K01013
ABFRL,2026-03-06,EQ,64.28,64.76,61.99,62.42,62.49,64.28,2407538,152733162.26,16762,INE647O01011
ACC,2026-03-06,EQ,1514.0,1535.0,1499.0,1501.2,1500.0,1523.6,259409,392454452.3,16117,INE012A01025
ADANIENSOL,2026-03-06,EQ,980.0,1007.7,979.8,992.5,997.2,987.9,1529030,1521959549.9,33541,INE931S01010
ADANIENT,2026-03-06,EQ,2079.1,2090.0,2030.2,2039.9,2042.6,2089.2,1696027,3493027690.5,59225,INE423A01024
ADANIGREEN,2026-03-06,EQ,879.6,894.55,855.15,858.4,863.0,884.55,5784124,5036260958.05,87497,INE364U01010
ADANIPORTS,2026-03-06,EQ,1489.0,1497.8,1470.0,1477.5,1475.6,1499.3,2576061,3823951021.0,104279,INE742F01042
ADANIPOWER,2026-03-06,EQ,139.6,142.59,138.5,138.99,139.3,140.11,11769177,1649901460.72,90254,INE814H01029
AJANTPHARM,2026-03-06,EQ,2975.0,3033.9,2965.5,2992.0,2991.0,2974.9,85485,256624197.2,15809,INE031B01049
ALKEM,2026-03-06,EQ,5580.0,5583.0,5497.0,5530.0,5525.0,5550.0,41269,228417248.5,7433,INE540L01014
AMBER,2026-03-06,EQ,7839.5,7945.0,7777.5,7872.5,7875.0,7825.5,168706,1327817666.0,25053,INE371P01015
AMBUJACEM,2026-03-06,EQ,475.7,480.75,463.35,466.75,466.1,480.0,1326098,625956576.2,23747,INE079A01024
ANGELONE,2026-03-06,EQ,226.5,230.51,218.2,219.56,219.1,224.68,9633447,2144255167.43,85469,INE732I01021
APLAPOLLO,2026-03-06,EQ,2160.0,2191.7,2143.4,2152.8,2155.1,2161.3,693422,1503190519.8,33306,INE702C01027
APLLTD,2026-03-06,EQ,707.0,724.5,701.7,708.5,710.0,707.5,62638,44595931.1,6202,INE901L01018
APOLLOHOSP,2026-03-06,EQ,7770.0,7781.0,7669.0,7724.5,7746.0,7775.0,225749,1744085100.5,33882,INE437A01024
APOLLOTYRE,2026-03-06,EQ,441.95,445.45,437.65,439.75,439.95,444.35,969049,426904030.35,29675,INE438A01022
ARVIND,2026-03-06,EQ,342.5,350.0,342.0,343.55,342.1,345.85,195724,67577681.25,6841,INE034A01011
ASHOKLEY,2026-03-06,EQ,202.49,202.49,194.12,194.67,194.84,203.04,23585465,4655092751.63,123475,INE208A01029
ASIANPAINT,2026-03-06,EQ,2261.7,2307.9,2253.7,2279.5,2282.0,2287.8,979742,2240550607.8,66828,INE021A01026
ASTRAL,2026-03-06,EQ,1669.0,1705.2,1664.1,1689.2,1677.6,1663.1,1096077,1853740439.0,51233,INE006I01046
ATGL,2026-03-06,EQ,485.0,492.0,481.2,482.65,482.5,483.45,363825,176981312.8,17960,INE399L01023
ATUL,2026-03-06,EQ,6500.0,6584.5,6370.0,6415.0,6425.0,6561.0,7485,48392122.0,2995,INE100A01010
AUBANK,2026-03-06,EQ,972.1,980.15,962.1,964.25,964.0,973.45,1174945,1140240250.0,43782,INE949L01017
AUROPHARMA,2026-03-06,EQ,1224.9,1244.7,1215.1,1231.9,1232.0,1225.5,804367,989229211.5,34462,INE406A01037
AXISBANK,2026-03-06,EQ,1347.0,1347.9,1313.5,1315.8,1314.9,1349.1,11629935,15407672624.8,189348,INE238A01034
BAJAJ-AUTO,2026-03-06,EQ,9780.0,9884.5,9690.0,9816.0,9800.0,9804.5,386552,3788845521.5,55963,INE917I01010
BAJAJFINSV,2026-03-06,EQ,1908.9,1908.9,1865.0,1868.9,1870.4,1911.8,2267317,4252184990.6,87906,INE918I01026
BAJAJHLDNG,2026-03-06,EQ,10600.0,10791.0,10543.0,10560.0,10561.0,10663.0,29688,314790589.0,6910,INE118A01012
BAJFINANCE,2026-03-06,EQ,960.0,961.5,946.6,950.2,951.7,962.4,6560051,6254527777.8,111836,INE296A01032
BALKRISIND,2026-03-06,EQ,2280.0,2283.4,2230.0,2249.7,2271.0,2308.6,77512,175452703.5,18300,INE787D01026
BALRAMCHIN,2026-03-06,EQ,488.05,493.45,479.05,480.95,481.0,490.65,636093,306819647.95,19658,INE119A01028
BANDHANBNK,2026-03-06,EQ,185.5,185.89,182.02,183.03,183.0,185.03,8295229,1526301926.11,62772,INE545U01014
BANKBARODA,2026-03-06,EQ,299.0,299.6,293.95,295.35,295.0,301.85,9115653,2706387649.8,65876,INE028A01039
BANKINDIA,2026-03-06,EQ,163.5,164.21,159.13,159.58,159.39,164.18,7458169,1208752062.46,45303,INE084A01016
BATAINDIA,2026-03-06,EQ,739.5,752.05,738.8,743.75,745.0,743.2,118373,88147988.05,12541,INE176A01028
BDL,2026-03-06,EQ,1281.3,1374.9,1276.1,1356.7,1355.0,1280.6,5023734,6790742124.3,122336,INE171Z01026
BEL,2026-03-06,EQ,462.0,473.45,460.35,468.45,469.6,460.0,28154230,13217400042.1,248841,INE263A01024
BEML,2026-03-06,EQ,1631.0,1715.0,1631.0,1653.5,1657.0,1629.5,566658,953684688.7,44965,INE258A01024
BERGEPAINT,2026-03-06,EQ,434.0,444.0,429.05,440.3,438.05,434.8,350669,152672387.1,30618,INE463A01038
BHARATFORG,2026-03-06,EQ,1894.9,1935.5,1879.9,1923.9,1915.0,1898.4,1711572,3286519630.1,49130,INE465A01025
BHARTIARTL,2026-03-06,EQ,1900.0,1902.1,1867.1,1870.8,1873.0,1907.0,10896859,20511535465.7,222475,INE397D01024
BHEL,2026-03-06,EQ,256.55,264.45,255.75,258.95,259.0,257.25,10342609,2706764017.3,74003,INE257A01026
BIOCON,2026-03-06,EQ,387.0,394.25,385.8,390.7,390.25,386.8,2552685,998976137.7,46959,INE376G01013
BLUESTARCO,2026-03-06,EQ,1939.0,1976.2,1908.7,1948.5,1955.2,1946.7,957837,1867499091.7,51890,INE472A01039
BOSCHLTD,2026-03-06,EQ,33305.0,33610.0,32920.0,33335.0,33375.0,33230.0,17779,591588670.0,7773,INE323A01026
BPCL,2026-03-06,EQ,362.05,362.05,351.2,352.75,352.95,360.35,10536915,3737850357.35,96921,INE029A01011
BRITANNIA,2026-03-06,EQ,5948.0,6013.0,5926.5,5983.0,5989.5,5963.0,348722,2086729262.0,43627,INE216A01030
BSE,2026-03-06,EQ,2750.0,2789.0,2736.4,2751.6,2750.9,2761.4,3007569,8315193732.9,124501,INE118H01025
BSOFT,2026-03-06,EQ,380.0,384.8,369.5,371.2,373.65,378.55,760177,286270925.45,20102,INE836A01035
CAMS,2026-03-06,EQ,646.15,661.8,642.5,648.85,650.7,652.35,1623932,1057180790.6,62643,INE596I01020
CANBK,2026-03-06,EQ,147.58,149.34,145.6,145.97,146.02,148.51,23417808,3447298422.56,80200,INE476A01022
CANFINHOME,2026-03-06,EQ,822.9,838.8,821.05,827.3,828.5,826.8,84721,70280914.95,9431,INE477A01020
CASTROLIND,2026-03-06,EQ,186.0,187.77,186.0,186.82,187.13,186.48,1145757,214228615.13,14814,INE172A01027
CDSL,2026-03-06,EQ,1226.0,1248.0,1221.9,1224.1,1226.0,1239.6,1119602,1381761847.2,37281,INE736A01011
CEATLTD,2026-03-06,EQ,3398.0,3488.8,3383.7,3457.8,3462.0,3412.4,111067,382993090.1,15994,INE482A01020
CESC,2026-03-06,EQ,155.95,158.39,152.72,153.57,153.4,155.54,1730942,268419148.73,33431,INE486A01021
CGPOWER,2026-03-06,EQ,700.0,722.5,696.0,715.45,716.8,701.1,2922020,2090494952.85,46743,INE067A01029
CHAMBLFERT,2026-03-06,EQ,434.05,436.3,425.15,427.65,427.5,433.3,513403,220599458.5,16419,INE085A01013
CHENNPETRO,2026-03-06,EQ,1015.0,1043.0,983.45,1007.5,1008.0,991.5,3586973,3637288159.6,107649,INE178A01016
CHOLAFIN,2026-03-06,EQ,1664.0,1674.6,1620.0,1626.3,1621.5,1669.0,1022219,1676092214.5,52577,INE121A01024
CIPLA,2026-03-06,EQ,1326.1,1332.7,1315.0,1321.2,1323.8,1326.4,695774,921025773.3,31127,INE059A01026
COALINDIA,2026-03-06,EQ,451.15,451.6,438.6,440.45,441.5,449.4,10553695,4676559317.25,109915,INE522F01014
COFORGE,2026-03-06,EQ,1152.7,1181.8,1148.1,1162.9,1165.0,1152.7,1741522,2025288169.6,50517,INE591G01025
COLPAL,2026-03-06,EQ,2200.1,2220.0,2196.4,2204.6,2205.0,2200.6,233352,514760005.0,19198,INE259A01022
CONCOR,2026-03-06,EQ,479.0,489.0,476.2,479.75,481.2,479.95,972797,471940232.3,21655,INE111A01025
COROMANDEL,2026-03-06,EQ,2099.0,2099.0,1995.0,2022.3,2043.0,2063.5,467479,947038580.5,45608,INE169A01031
CROMPTON,2026-03-06,EQ,249.9,251.65,247.05,248.0,248.25,250.1,961019,239456736.85,21649,INE299U01018
CUB,2026-03-06,EQ,268.4,268.7,258.05,259.75,259.9,268.15,1974924,519470437.2,48177,INE491A01021
CUMMINSIND,2026-03-06,EQ,4791.4,4924.4,4755.6,4800.7,4824.0,4791.4,892005,4321345215.4,60050,INE298A01020
CYIENT,2026-03-06,EQ,870.0,893.4,868.8,884.85,888.95,885.8,193290,171579395.95,19550,INE136B01020
DABUR,2026-03-06,EQ,486.0,486.15,477.5,478.6,478.1,487.9,1190560,572628901.3,65786,INE016A01026
DALBHARAT,2026-03-06,EQ,1929.0,1930.5,1890.7,1899.8,1900.0,1928.7,183615,350326778.2,12196,INE00R701025
DCBBANK,2026-03-06,EQ,172.52,176.6,171.0,171.44,171.4,173.18,930716,161707541.7,17834,INE503A01015
DEEPAKNTR,2026-03-06,EQ,1533.5,1543.6,1510.6,1523.7,1528.0,1535.9,84409,129080703.3,7785,INE288B01029
DELHIVERY,2026-03-06,EQ,425.05,430.5,421.3,422.6,423.7,428.1,595318,254103459.5,16809,INE148O01028
DELTACORP,2026-03-06,EQ,58.17,58.95,58.1,58.59,58.73,58.42,623498,36478140.72,4374,INE124G01033
DISHTV,2026-03-06,EQ,2.6,2.64,2.58,2.61,2.62,2.6,2419293,6327664.86,1807,INE836F01026
DIVISLAB,2026-03-06,EQ,6340.0,6428.0,6315.0,6329.0,6325.0,6364.5,269349,1719098991.5,34855,INE361B01024
DIXON,2026-03-06,EQ,10199.0,10290.0,9990.0,10029.0,10035.0,10224.0,462851,4695020472.0,50548,INE935N01020
DLF,2026-03-06,EQ,584.6,584.85,574.85,577.55,578.4,585.15,5424431,3140569127.6,107440,INE271C01023
DMART,2026-03-06,EQ,3825.0,3903.9,3825.0,3875.8,3881.5,3835.4,224906,869824580.2,23461,INE192R01011
DRREDDY,2026-03-06,EQ,1313.5,1316.4,1290.8,1303.8,1309.0,1313.5,963701,1258547201.1,57720,INE089A01031
EICHERMOT,2026-03-06,EQ,7733.0,7735.0,7603.0,7620.5,7625.5,7755.0,366235,2796874956.0,61908,INE066A01021
ENGINERSIN,2026-03-06,EQ,204.4,209.18,203.9,204.87,204.9,204.86,3287405,679418920.58,29610,INE510A01028
ESCORTS,2026-03-06,EQ,3330.3,3373.0,3271.0,3291.6,3280.9,3333.3,37125,123589560.7,9275,INE042A01014
ETERNAL,2026-03-06,EQ,240.63,242.9,231.58,232.57,233.04,240.14,44605775,10497036714.55,213814,INE758T01015
EXIDEIND,2026-03-06,EQ,320.2,323.2,315.2,315.95,316.05,319.65,775564,247422603.45,20298,INE302A01020
FEDERALBNK,2026-03-06,EQ,286.4,291.25,285.6,286.5,286.8,289.7,3826606,1104692766.15,69257,INE171A01029
FORTIS,2026-03-06,EQ,920.95,927.85,890.15,892.55,894.9,920.95,1309652,1187608895.2,29440,INE061F01013
FSL,2026-03-06,EQ,223.11,227.62,218.01,219.5,220.01,223.11,1818066,401887849.44,31669,INE684F01012
GAIL,2026-03-06,EQ,155.9,157.8,153.65,155.71,155.6,156.73,14633439,2283389247.97,109474,INE129A01019
GLENMARK,2026-03-06,EQ,2094.4,2138.0,2094.4,2124.4,2126.7,2108.9,431504,915441818.6,27939,INE935A01035
GMRAIRPORT,2026-03-06,EQ,97.41,99.5,94.84,95.06,95.0,97.98,18335854,1768016603.47,44390,INE776C01039
GNFC,2026-03-06,EQ,430.0,435.85,428.3,431.3,429.05,433.1,142603,61639768.85,9359,INE113A01013
GODFRYPHLP,2026-03-06,EQ,2033.0,2102.2,2023.5,2052.9,2058.5,2033.0,484016,1001979576.8,35358,INE260B01028
GODREJCP,2026-03-06,EQ,1132.4,1132.5,1114.0,1116.6,1115.1,1132.4,883212,990307119.5,42250,INE102D01028
GODREJIND,2026-03-06,EQ,934.8,944.3,927.5,936.9,939.0,932.6,25494,23902371.1,3006,INE233A01035
GODREJPROP,2026-03-06,EQ,1743.8,1743.8,1660.2,1667.3,1675.0,1743.8,2211721,3718782117.3,54065,INE484J01027
GRANULES,2026-03-06,EQ,570.1,587.5,569.85,577.1,578.0,573.3,691090,402058810.05,21877,INE101D01020
GRASIM,2026-03-06,EQ,2701.5,2759.4,2687.2,2718.4,2718.0,2724.1,1457401,3986794701.1,53131,INE047A01021
GSFC,2026-03-06,EQ,157.95,160.53,157.0,157.34,157.24,157.24,786719,124688895.95,12629,INE026A01025
GSPL,2026-03-06,EQ,290.1,296.75,288.35,293.9,293.0,290.05,690988,202807418.55,22460,INE246F01010
GUJGASLTD,2026-03-06,EQ,393.0,400.9,390.65,395.65,394.5,397.15,558679,221374351.45,13804,INE844O01030
HAL,2026-03-06,EQ,3880.0,4039.7,3855.0,4023.7,4030.0,3891.8,2974581,11808214585.2,134091,INE066F01020
HAVELLS,2026-03-06,EQ,1352.5,1365.0,1340.3,1349.2,1351.0,1352.5,489820,664245777.6,31546,INE176B01034
HCC,2026-03-06,EQ,16.35,16.69,15.9,16.01,16.1,16.27,22356076,363789156.2,17552,INE549A01026
HCLTECH,2026-03-06,EQ,1356.0,1380.8,1354.2,1356.7,1358.0,1354.1,1871596,2552957099.2,74907,INE860A01027
HDFCAMC,2026-03-06,EQ,2559.1,2559.2,2495.2,2503.8,2511.0,2559.0,689587,1737775474.3,49625,INE127D01025
HDFCBANK,2026-03-06,EQ,868.05,871.7,855.1,857.05,857.2,877.75,34439647,29704205809.35,706964,INE040A01034
HDFCLIFE,2026-03-06,EQ,677.6,679.2,667.95,668.55,669.0,684.3,2997163,2011593765.85,106013,INE795G01014
HEROMOTOCO,2026-03-06,EQ,5571.0,5571.5,5490.0,5512.5,5520.0,5588.5,431008,2380632219.5,52316,INE158A01026
HFCL,2026-03-06,EQ,69.38,71.1,69.1,69.64,69.32,70.08,13018974,912975794.55,35188,INE548A01028
HINDALCO,2026-03-06,EQ,955.0,971.65,943.15,958.9,960.6,954.95,8295000,7954762064.05,356279,INE038A01020
HINDCOPPER,2026-03-06,EQ,558.25,564.4,553.4,558.6,559.0,558.0,6695386,3743329030.2,76986,INE531E01026
HINDPETRO,2026-03-06,EQ,420.0,420.0,402.1,404.95,405.25,418.4,7196619,2956509500.65,128204,INE094A01015
HINDUNILVR,2026-03-06,EQ,2245.1,2250.0,2219.5,2225.7,2223.1,2255.0,1674258,3732836889.5,134825,INE030A01027
HINDZINC,2026-03-06,EQ,595.0,596.8,585.2,586.85,586.95,595.65,2899680,1714785430.15,43281,INE267A01025
HONAUT,2026-03-06,EQ,29995.0,30105.0,29870.0,29965.0,30000.0,29945.0,28930,866933085.0,1396,INE671A01010
HUDCO,2026-03-06,EQ,177.16,182.16,175.6,176.29,176.5,178.27,2905206,519332923.1,25131,INE031A01017
ICICIBANK,2026-03-06,EQ,1339.0,1357.6,1310.4,1313.4,1315.1,1357.6,22778852,30132894838.8,396209,INE090A01021
ICICIGI,2026-03-06,EQ,1866.0,1890.1,1856.2,1880.3,1878.5,1875.2,361444,678852607.4,22328,INE765G01017
ICICIPRULI,2026-03-06,EQ,620.75,624.4,610.1,614.05,614.85,627.45,901309,555067074.15,33544,INE726G01019
ICIL,2026-03-06,EQ,255.0,265.95,255.0,261.1,262.3,260.25,176417,46104390.65,4120,INE483B01026
IDBI,2026-03-06,EQ,110.0,110.35,108.37,108.89,108.47,110.24,9546734,1042933007.48,27130,INE008A01015
IDEA,2026-03-06,EQ,10.3,10.38,10.01,10.06,10.06,10.22,450840141,4613589897.78,128701,INE669E01016
IDFCFIRSTB,2026-03-06,EQ,70.4,71.27,69.77,69.98,70.0,70.4,23163809,1633424924.66,86092,INE092T01019
IEX,2026-03-06,EQ,121.01,123.5,121.01,121.76,121.2,121.63,4351385,531598672.58,22780,INE022Q01020
IFCI,2026-03-06,EQ,54.0,55.6,53.83,54.59,54.22,54.52,9384718,515380013.27,30032,INE039A01010
IGL,2026-03-06,EQ,159.0,159.2,156.08,157.27,157.65,160.13,2074749,326932273.19,33757,INE203G01027
IIFL,2026-03-06,EQ,490.1,497.45,482.7,485.1,485.0,491.4,965741,472677986.0,36388,INE530B01024
INDHOTEL,2026-03-06,EQ,624.65,629.75,618.8,623.85,624.0,629.7,3777555,2356133309.1,64746,INE053A01029
INDIACEM,2026-03-06,EQ,390.0,395.0,380.0,382.0,383.2,393.5,147236,57006509.65,10779,INE383A01012
INDIAMART,2026-03-06,EQ,2081.1,2126.5,2071.0,2120.6,2126.5,2076.4,504063,1052797237.1,33549,INE933S01016
INDIANB,2026-03-06,EQ,948.05,954.55,936.65,939.4,944.0,951.75,1071588,1013570105.3,42259,INE562A01011
INDIGO,2026-03-06,EQ,4424.7,4465.0,4375.5,4404.1,4410.0,4512.8,1640372,7251193579.0,101535,INE646L01027
INDUSINDBK,2026-03-06,EQ,935.0,942.9,912.05,917.85,916.0,937.2,1153433,1074591799.2,33188,INE095A01012
INDUSTOWER,2026-03-06,EQ,450.75,457.65,449.0,452.05,450.05,451.4,2140959,969950483.3,34707,INE121J01017
INFIBEAM,2026-02-02,EQ,16.65,17.03,16.07,16.9,16.84,16.62,12536736,208246532.31,22791,INE483S01020
INFY,2026-03-06,EQ,1303.0,1327.2,1303.0,1308.4,1311.0,1305.8,8724291,11462328914.0,178932,INE009A01021
INOXWIND,2026-03-06,EQ,85.95,88.09,83.58,83.86,83.87,86.32,8535935,730940789.94,31678,INE066P01011
INTELLECT,2026-03-06,EQ,658.35,692.25,658.05,681.0,680.0,658.35,521440,354822500.95,26754,INE306R01017
IOB,2026-03-06,EQ,34.5,34.54,34.0,34.08,34.04,34.54,5944597,203841871.01,16435,INE565A01014
IOC,2026-03-06,EQ,172.06,172.94,168.05,168.68,168.1,171.54,20979104,3567240859.47,167158,INE242A01010
IPCALAB,2026-03-06,EQ,1501.4,1520.5,1481.0,1494.2,1501.9,1500.9,45541,68468449.8,7260,INE571A01038
IRB,2026-03-06,EQ,40.05,41.0,40.0,40.78,40.99,40.36,5354011,217456155.58,24848,INE821I01022
IRCTC,2026-03-06,EQ,561.0,569.45,551.0,552.8,553.3,561.95,1843513,1031089911.15,50000,INE335Y01020
IREDA,2026-03-06,EQ,116.5,120.35,115.08,117.28,117.4,115.65,12595130,1490426379.27,51072,INE202E01016
IRFC,2026-03-06,EQ,99.31,103.1,98.76,99.47,99.4,98.85,35489993,3583202340.53,113874,INE053F01010
ITC,2026-03-06,EQ,310.05,312.3,309.2,309.7,309.95,311.5,21288269,6607851781.95,212819,INE154A01025
JINDALSTEL,2026-03-06,EQ,1184.0,1195.8,1176.6,1180.4,1178.1,1184.0,797237,944936234.3,39858,INE749A01030
JIOFIN,2026-03-06,EQ,242.2,243.45,238.9,239.35,239.7,243.1,12566465,3025400048.8,96498,INE758E01017
JISLJALEQS,2026-03-06,EQ,34.2,35.35,33.98,34.71,34.52,34.12,4386926,152326057.97,7745,INE175A01038
JKCEMENT,2026-03-06,EQ,5502.0,5557.5,5406.0,5426.5,5428.5,5514.5,38508,210500816.5,10269,INE823G01014
JSL,2026-03-06,EQ,767.95,768.85,750.0,752.25,752.0,768.95,742434,560585142.55,20251,INE220G01021
JSWENERGY,2026-03-06,EQ,476.9,499.5,476.9,488.2,489.6,479.5,4021658,1983284191.1,59350,INE121E01018
JSWSTEEL,2026-03-06,EQ,1240.7,1249.1,1229.2,1233.7,1230.0,1248.1,1140348,1413827872.5,52625,INE019A01038
JUBLFOOD,2026-03-06,EQ,500.0,503.0,490.25,492.0,493.2,500.5,1716661,848546614.05,28782,INE797F01020
JUSTDIAL,2026-03-06,EQ,535.95,548.8,532.0,535.05,536.0,535.65,331913,177742164.9,9136,INE599M01018
KAJARIACER,2026-03-06,EQ,938.4,948.6,927.3,934.65,933.1,940.25,53735,50427208.7,7477,INE217B01036
KALYANKJIL,2026-03-06,EQ,395.95,401.1,394.25,395.55,396.35,399.8,2237896,888684699.65,36374,INE303R01014
KAYNES,2026-03-06,EQ,3798.1,3854.2,3730.0,3746.8,3755.6,3814.5,893754,3385534171.1,47851,INE918Z01012
KEI,2026-03-06,EQ,4930.5,5000.5,4903.0,4921.0,4935.0,4920.5,336511,1666731348.0,32680,INE878B01027
KFINTECH,2026-03-06,EQ,925.0,931.1,904.75,912.75,914.0,927.9,449756,411112572.45,19886,INE138Y01010
KOTAKBANK,2026-03-06,EQ,403.7,406.7,399.0,399.8,401.3,407.3,17512726,7044279376.5,167361,INE237A01036
KPITTECH,2026-03-06,EQ,717.5,742.45,695.4,698.55,698.3,717.5,2876869,2059478505.5,64724,INE04I401011
KSCL,2026-03-06,EQ,732.6,752.7,727.15,750.2,750.05,730.9,147000,109653344.6,9217,INE455I01029
KTKBANK,2026-03-06,EQ,215.0,224.03,214.48,217.8,216.89,213.59,10374317,2286422619.93,70543,INE614B01018
LALPATHLAB,2026-03-06,EQ,1338.9,1366.9,1332.5,1360.0,1354.0,1339.2,272779,369892696.1,39991,INE600L01024
LAURUSLABS,2026-03-06,EQ,1045.0,1055.0,1022.4,1026.2,1028.0,1045.9,810949,839827860.2,33596,INE947Q01028
LICHSGFIN,2026-03-06,EQ,520.0,525.95,510.6,511.8,512.0,521.4,1012776,523694305.2,22221,INE115A01026
LICI,2026-03-06,EQ,831.0,834.8,820.4,822.3,821.2,832.95,717210,593436236.1,18204,INE0J1Y01017
LODHA,2026-03-06,EQ,916.25,919.7,885.95,889.25,892.25,916.25,1595028,1434977357.3,53764,INE670K01029
LT,2026-03-06,EQ,4015.0,4015.0,3941.0,3949.8,3949.0,4038.7,2379314,9424723564.9,158659,INE018A01030
LTF,2026-03-06,EQ,274.9,276.95,271.25,271.9,271.8,275.5,2656845,729133615.85,38026,INE498L01015
LTIM,2026-02-26,EQ,4580.0,4655.0,4486.5,4504.0,4510.0,4559.0,270646,1233703119.5,27024,INE214T01019
LTM,2026-03-06,EQ,4270.0,4388.3,4262.0,4292.0,4298.0,4306.4,228424,986274872.2,26914,INE214T01019
LTTS,2026-03-06,EQ,3306.0,3324.8,3162.1,3187.4,3175.0,3297.5,103443,334844720.8,17296,INE010V01017
LUPIN,2026-03-06,EQ,2341.0,2369.5,2324.8,2343.8,2330.0,2332.9,1374145,3224677400.1,83023,INE326A01037
M&M,2026-03-06,EQ,3315.0,3367.0,3315.0,3332.5,3333.0,3348.0,2084605,6967595282.0,127319,INE101A01026
M&MFIN,2026-03-06,EQ,363.0,368.4,361.3,363.5,364.2,364.75,1776257,645923797.35,20455,INE774D01024
MANAPPURAM,2026-03-06,EQ,266.65,270.05,262.0,262.75,263.4,267.3,3498921,930506530.5,42085,INE522D01027
MANKIND,2026-03-06,EQ,2231.7,2231.7,2178.1,2187.0,2182.0,2226.4,350723,770209916.0,33240,INE634S01028
MARICO,2026-03-06,EQ,779.8,790.6,776.5,785.25,785.1,778.85,2431135,1910341928.4,69458,INE196A01026
MARUTI,2026-03-06,EQ,14339.0,14466.0,14115.0,14159.0,14139.0,14415.0,390629,5582195243.0,57055,INE585B01010
MAXHEALTH,2026-03-06,EQ,1048.6,1049.5,1030.0,1042.0,1045.0,1058.2,3185920,3311828793.9,61624,INE027H01010
MAZDOCK,2026-03-06,EQ,2383.3,2560.0,2370.1,2471.9,2478.0,2352.5,12648976,31547523156.4,400191,INE249Z01020
MCLEODRUSS,2026-03-06,EQ,38.35,39.26,37.5,38.08,37.5,38.35,420600,16148769.66,2113,INE942G01012
MCX,2026-03-06,EQ,2562.0,2590.7,2522.8,2533.9,2541.0,2553.5,1832576,4673234089.5,74410,INE745G01043
METROPOLIS,2026-03-06,EQ,1781.0,1808.8,1781.0,1790.2,1785.9,1794.0,27727,49788228.5,8554,INE112L01020
MFSL,2026-03-06,EQ,1741.6,1748.5,1693.3,1701.5,1706.9,1748.6,1221346,2086524787.3,61183,INE180A01020
MGL,2026-03-06,EQ,1095.0,1096.5,1041.2,1049.3,1047.0,1096.5,649497,689826834.1,39941,INE002S01010
MOTHERSON,2026-03-06,EQ,126.34,126.7,122.49,122.77,122.97,126.34,10309068,1278997405.01,93245,INE775A01035
MPHASIS,2026-03-06,EQ,2230.0,2286.9,2210.0,2214.8,2224.9,2231.6,287592,643950572.2,23271,INE356A01018
MRF,2026-03-06,EQ,140010.0,142500.0,138250.0,138780.0,138650.0,140215.0,9417,1314066995.0,7308,INE883A01011
MRPL,2026-03-06,EQ,200.99,212.31,196.5,206.55,206.1,196.24,34921630,7205479636.8,182783,INE103A01014
MUTHOOTFIN,2026-03-06,EQ,3303.9,3326.9,3232.0,3238.9,3239.0,3306.4,564590,1846407117.7,49551,INE414G01012
NAM-INDIA,2026-03-06,EQ,860.05,865.45,847.5,860.25,861.0,860.7,556373,477448415.7,25903,INE298J01013
NATIONALUM,2026-03-06,EQ,392.0,402.0,386.75,396.15,396.4,395.95,15765117,6237763527.7,113776,INE139A01034
NAUKRI,2026-03-06,EQ,1010.4,1021.6,978.0,980.1,979.9,1015.3,1548231,1541048187.5,55199,INE663F01032
NAVINFLUOR,2026-03-06,EQ,6550.0,6660.0,6494.0,6572.0,6558.5,6504.5,270785,1783882658.0,43275,INE048G01026
NBCC,2026-03-06,EQ,86.4,88.39,85.41,85.64,85.84,86.85,8972368,780761750.96,44664,INE095N01031
NCC,2026-03-06,EQ,143.4,146.49,140.02,141.02,141.3,143.0,2014469,287950311.67,23700,INE868B01028
NESTLEIND,2026-03-06,EQ,1250.0,1264.1,1234.2,1252.4,1257.9,1250.9,830769,1041157809.9,52153,INE239A01024
NHPC,2026-03-06,EQ,74.0,75.25,73.65,74.18,74.02,74.15,14268041,1066343161.7,42714,INE848E01016
NMDC,2026-03-06,EQ,78.0,81.91,77.95,79.79,79.89,78.44,32383963,2597518858.4,76180,INE584A01023
NTPC,2026-03-06,EQ,377.0,385.55,374.65,380.6,381.15,378.05,14940896,5725442810.2,239774,INE733E01010
NUVAMA,2026-03-06,EQ,1243.5,1264.6,1221.2,1225.1,1232.0,1238.1,204216,253185142.3,11925,INE531F01023
NYKAA,2026-03-06,EQ,259.0,262.55,253.25,254.8,253.35,260.8,3007325,773458966.95,43735,INE388Y01029
OBEROIRLTY,2026-03-06,EQ,1482.1,1491.8,1469.3,1474.6,1475.0,1482.1,424324,628446768.3,19560,INE093I01010
OFSS,2026-03-06,EQ,6761.0,6914.0,6690.0,6718.0,6725.0,6789.5,91716,621728740.5,17881,INE881D01027
OIL,2026-03-06,EQ,483.65,489.05,474.7,484.5,484.6,479.1,8128934,3925561108.8,108233,INE274J01014
ONGC,2026-03-06,EQ,279.95,280.95,271.15,278.95,279.9,276.35,30725344,8512379611.3,183148,INE213A01029
PAGEIND,2026-03-06,EQ,31365.0,31825.0,31230.0,31595.0,31610.0,31525.0,24708,779693125.0,11943,INE761H01022
PATANJALI,2026-03-06,EQ,499.9,504.55,496.4,500.55,499.8,499.8,879648,440563877.3,12774,INE619A01035
PAYTM,2026-03-06,EQ,1049.1,1060.9,1035.0,1038.3,1040.0,1052.9,1296267,1356796368.2,34731,INE982J01020
PCJEWELLER,2026-03-06,EQ,9.01,9.24,8.96,9.04,9.0,9.01,29699465,270802742.39,20017,INE785M01021
PERSISTENT,2026-03-06,EQ,4648.4,4830.0,4643.4,4777.5,4785.0,4641.7,1246702,5953816692.5,90122,INE262H01021
PETRONET,2026-03-06,EQ,289.85,296.5,287.8,290.4,287.8,293.05,11172051,3275654326.6,104508,INE347G01014
PFC,2026-03-06,EQ,414.0,425.15,405.75,407.85,407.35,413.65,8236742,3429342921.95,83771,INE134E01011
PFIZER,2026-03-06,EQ,4806.5,4884.0,4806.5,4849.5,4845.0,4806.0,8664,42113758.5,4293,INE182A01018
PGEL,2026-03-06,EQ,610.0,620.75,606.05,609.25,609.9,614.45,1329197,814815666.9,21882,INE457L01029
PHOENIXLTD,2026-03-06,EQ,1626.0,1626.0,1596.5,1603.9,1613.1,1633.6,289704,465597464.0,21204,INE211B01039
PIDILITIND,2026-03-06,EQ,1445.9,1454.4,1430.6,1433.8,1432.0,1445.9,563184,812511346.5,26665,INE318A01026
PIIND,2026-03-06,EQ,3055.0,3127.0,3055.0,3079.6,3085.9,3089.0,111123,343298791.0,14427,INE603J01030
PNB,2026-03-06,EQ,121.45,122.37,118.66,119.31,119.0,122.2,14358834,1734466085.33,77118,INE160A01022
PNBHOUSING,2026-03-06,EQ,788.1,798.8,770.6,772.95,772.2,790.65,584235,457244124.35,16009,INE572E01012
POLICYBZR,2026-03-06,EQ,1466.2,1466.2,1411.0,1428.4,1433.5,1472.8,2360813,3379970060.3,60640,INE417T01026
POLYCAB,2026-03-06,EQ,8562.0,8630.0,8480.0,8552.0,8562.0,8564.0,287941,2471019890.0,42543,INE455K01017
POONAWALLA,2026-03-06,EQ,431.0,435.7,421.0,423.5,422.7,433.6,408658,174777315.6,13190,INE511C01022
POWERGRID,2026-03-06,EQ,299.95,302.75,297.0,299.15,300.0,299.45,15887540,4774417321.3,116065,INE752E01010
POWERINDIA,2026-03-06,EQ,25500.0,26160.0,25320.0,25860.0,25920.0,25305.0,111188,2870818635.0,29074,INE07Y701011
PPLPHARMA,2026-03-06,EQ,153.0,154.81,151.37,151.87,152.0,153.3,1038728,158827641.29,11546,INE0DK501011
PREMIERENE,2026-03-06,EQ,720.0,735.0,714.15,723.65,726.4,720.1,805581,583978138.9,19888,INE0BS701011
PRESTIGE,2026-03-06,EQ,1369.9,1377.4,1330.1,1335.5,1340.3,1375.6,390136,526309194.5,22542,INE811K01011
PTC,2026-03-06,EQ,159.9,161.5,157.78,158.13,158.15,158.6,846809,134866993.28,7630,INE877F01012
PVRINOX,2026-03-06,EQ,1024.0,1040.0,1020.7,1023.3,1022.7,1027.5,231099,236675315.1,15410,INE191H01014
RAIN,2026-03-06,EQ,133.73,138.95,131.6,132.93,132.0,133.66,1826328,246987448.55,9434,INE855B01025
RAMCOCEM,2026-03-06,EQ,1092.6,1105.0,1076.6,1090.2,1089.9,1103.6,60691,66345401.3,9127,INE331A01037
RAYMOND,2026-03-06,EQ,390.5,391.95,377.1,380.7,385.0,390.45,485747,185944250.0,12248,INE301A01014
RBLBANK,2026-03-06,EQ,309.5,310.1,302.7,303.8,302.7,310.1,2199496,675140928.95,23168,INE976G01028
RCOM,2025-12-26,BE,1.08,1.11,1.07,1.11,1.11,1.06,5324645,5876124.0,2466,INE330H01018
RECLTD,2026-03-06,EQ,340.0,350.8,338.5,339.15,338.9,341.85,5579379,1914364097.75,56955,INE020B01018
RELIANCE,2026-03-06,EQ,1396.5,1424.3,1390.3,1404.8,1407.0,1389.4,19311971,27285257299.5,291792,INE002A01018
REPCOHOME,2026-03-06,EQ,360.0,368.9,358.1,362.1,362.4,360.1,62255,22628817.35,2179,INE612J01015
RPOWER,2026-03-06,EQ,22.41,23.24,22.29,22.44,22.49,22.55,50662050,1150715042.4,61610,INE614G01033
RVNL,2026-03-06,EQ,279.25,298.4,278.75,286.0,285.75,279.25,19912627,5788180694.25,126352,INE415G01027
SAIL,2026-03-06,EQ,155.4,157.6,153.51,154.94,154.0,156.15,12234478,1904753369.14,49602,INE114A01011
SAMMAANCAP,2026-03-06,EQ,144.95,147.3,142.0,142.4,143.01,145.21,4797008,692709501.85,19684,INE148I01020
SBICARD,2026-03-06,EQ,728.5,735.45,720.6,724.05,722.1,730.55,981079,712204968.8,22851,INE018E01016
SBILIFE,2026-03-06,EQ,1930.0,1962.9,1924.8,1941.6,1946.0,1945.0,858666,1669709805.4,50408,INE123W01016
SBIN,2026-03-06,EQ,1168.5,1169.3,1138.0,1143.0,1139.8,1169.5,20333328,23454347093.1,265693,INE062A01020
SHREECEM,2026-03-06,EQ,25150.0,25275.0,24825.0,24875.0,24945.0,25200.0,19762,496452185.0,9513,INE070A01015
SHRIRAMFIN,2026-03-06,EQ,1043.9,1052.0,1000.0,1007.5,1010.7,1039.5,8166989,8342233484.7,133668,INE721A01047
SIEMENS,2026-03-06,EQ,3215.1,3318.9,3177.5,3268.9,3269.9,3215.7,384941,1263117040.7,36058,INE003A01024
SJVN,2026-03-06,EQ,72.06,73.2,70.6,70.99,70.95,72.67,3487613,250706738.5,26421,INE002L01015
SOLARINDS,2026-03-06,EQ,14702.0,15576.0,14671.0,15152.0,15150.0,14671.0,395561,6026590188.0,67594,INE343H01029
SONACOMS,2026-03-06,EQ,510.95,521.0,510.0,514.95,515.0,510.95,589454,304185753.05,16919,INE073K01018
SOUTHBANK,2026-03-06,EQ,40.14,40.57,39.6,39.81,39.78,40.33,8506602,341982583.44,22071,INE683A01023
SRF,2026-03-06,EQ,2563.1,2649.0,2555.1,2622.7,2625.0,2563.1,371737,973235316.0,34984,INE647A01010
STAR,2026-03-06,EQ,842.0,871.7,842.0,864.85,858.0,850.65,212118,182705705.55,13040,INE939A01011
SUNPHARMA,2026-03-06,EQ,1784.5,1805.6,1771.8,1799.4,1793.5,1784.5,3669921,6596385331.3,166486,INE044A01036
SUNTV,2026-03-06,EQ,598.4,607.05,583.05,600.05,596.1,595.3,175379,104726650.75,13837,INE424H01027
SUPREMEIND,2026-03-06,EQ,3950.0,4067.7,3935.6,3947.7,3952.0,3950.2,181964,729157935.3,14147,INE195A01028
SUZLON,2026-03-06,EQ,40.25,40.99,39.85,39.99,39.99,40.25,63058597,2546464165.96,108217,INE040H01021
SWIGGY,2026-03-06,EQ,298.1,303.5,295.95,301.5,302.0,298.4,6599802,1983040706.4,61028,INE00H001014
SYNGENE,2026-03-06,EQ,403.7,407.45,398.0,399.7,399.8,403.7,498160,199940292.0,12332,INE398R01022
TATACHEM,2026-03-06,EQ,710.1,716.7,705.0,707.1,707.2,712.25,196705,139855473.9,9051,INE092A01019
TATACOMM,2026-03-06,EQ,1450.1,1498.8,1439.8,1456.7,1470.0,1461.6,359915,531197574.5,42400,INE151A01013
TATACONSUM,2026-03-06,EQ,1119.1,1128.7,1112.1,1116.7,1118.7,1119.1,919798,1030033595.6,51433,INE192A01025
TATAELXSI,2026-03-06,EQ,4420.0,4490.0,4321.0,4330.2,4330.0,4400.0,267961,1175027669.8,29276,INE670A01012
TATAPOWER,2026-03-06,EQ,375.0,385.25,373.1,375.5,375.6,376.85,3748549,1423873118.8,44315,INE245A01021
TATASTEEL,2026-03-06,EQ,199.5,202.2,197.1,198.46,198.79,200.57,28551376,5703261980.33,289239,INE081A01020
TATATECH,2026-03-06,EQ,572.5,585.0,572.5,576.5,578.0,576.1,575421,333426306.5,17584,INE142M01025
TCS,2026-03-06,EQ,2572.0,2619.2,2553.6,2557.6,2560.0,2578.8,3998643,10322655875.3,143599,INE467B01029
TECHM,2026-03-06,EQ,1330.0,1359.5,1326.6,1331.7,1335.6,1333.3,1033627,1383636074.8,72260,INE669C01036
TIINDIA,2026-03-06,EQ,2790.0,2790.0,2714.0,2722.9,2725.6,2781.9,1136373,3139708777.0,20488,INE974X01010
TITAGARH,2026-03-06,EQ,657.95,697.0,653.1,680.3,682.3,658.0,1752717,1201389170.3,65117,INE615H01020
TITAN,2026-03-06,EQ,4250.0,4302.0,4227.0,4244.6,4235.0,4275.2,580562,2475514957.8,61060,INE280A01028
TMPV,2026-03-06,EQ,354.0,354.35,349.35,350.75,350.8,355.15,6929668,2437266839.35,102529,INE155A01022
TORNTPHARM,2026-03-06,EQ,4353.5,4380.3,4287.0,4317.8,4325.9,4353.4,413700,1789638543.2,39780,INE685A01028
TORNTPOWER,2026-03-06,EQ,1495.0,1505.9,1477.3,1481.3,1486.8,1503.9,275269,409091399.4,20002,INE813H01021
TRENT,2026-03-06,EQ,3785.0,3829.0,3715.8,3722.8,3726.0,3790.9,365100,1375256539.7,38739,INE849A01020
TVSMOTOR,2026-03-06,EQ,3806.9,3825.0,3767.9,3784.0,3780.0,3818.4,571666,2165652606.2,43506,INE494B01023
UBL,2026-03-06,EQ,1640.7,1779.1,1627.8,1758.2,1760.0,1650.1,866202,1494989341.7,51257,INE686F01025
UCOBANK,2026-03-06,EQ,27.38,27.55,27.11,27.21,27.29,27.46,6391679,174727544.97,17961,INE691A01018
ULTRACEMCO,2026-03-06,EQ,12160.0,12208.0,11948.0,11987.0,11990.0,12288.0,296585,3577997276.0,51734,INE481G01011
UNIONBANK,2026-03-06,EQ,190.8,193.05,188.0,188.65,188.76,191.2,12364075,2356388468.52,107364,INE692A01016
UNITDSPR,2026-03-06,EQ,1320.0,1417.9,1306.8,1389.8,1390.9,1325.8,5578937,7701477758.4,138639,INE854D01024
UNITECH,2026-03-06,EQ,4.83,4.89,4.81,4.84,4.85,4.82,2078881,10085685.23,1601,INE694A01020
UNOMINDA,2026-03-06,EQ,1117.9,1134.9,1112.1,1121.3,1127.4,1118.3,425766,479930474.5,20000,INE405E01023
UPL,2026-03-06,EQ,629.3,635.0,626.2,628.35,626.2,629.6,3095128,1955262335.7,48999,INE628A01036
VBL,2026-03-06,EQ,444.4,455.75,441.8,447.65,448.65,445.75,4616931,2074630447.75,56069,INE200M01039
VEDL,2026-03-06,EQ,712.1,729.3,701.7,721.0,722.5,711.25,13468762,9707057627.15,138314,INE205A01025
VGUARD,2026-03-06,EQ,305.9,313.5,304.4,311.65,312.9,305.55,92506,28699238.15,5602,INE951I01027
VOLTAS,2026-03-06,EQ,1480.0,1489.4,1460.2,1478.4,1479.9,1485.3,686869,1014355409.3,27439,INE226A01021
WAAREEENER,2026-03-06,EQ,2634.0,2689.9,2621.1,2628.3,2633.0,2646.2,844652,2241316272.8,36850,INE377N01017
WHIRLPOOL,2026-03-06,EQ,910.0,919.8,893.0,896.5,895.0,908.8,169587,153431507.0,10241,INE716A01013
WIPRO,2026-03-06,EQ,195.6,198.93,195.0,195.4,196.0,195.68,9022914,1775105200.49,94511,INE075A01022
WOCKPHARMA,2026-03-06,EQ,1305.1,1346.0,1294.8,1299.6,1304.0,1305.2,313434,413071130.5,18068,INE049B01025
YESBANK,2026-03-06,EQ,20.2,20.5,20.07,20.12,20.1,20.23,61593487,1251079319.63,63104,INE528G01035
ZEEL,2026-03-06,EQ,82.3,82.69,81.51,81.81,81.81,82.39,6607087,541805864.97,21398,INE256A01028
ZYDUSLIFE,2026-03-06,EQ,914.65,919.5,905.8,913.05,910.55,914.65,456550,417104646.8,18885,INE010B01027
